{
    "sourceAddress": {
        "zipCode": "500078",
        "Country": "IN",
        "Country_FullName": "India",
        "Address_Ln_1": "BUILDING 9000  PLOT NO.7, SYNERGY",
        "companyName": "ikea"
    },
    "referenceAddresses": [
        {
            "zipCode": "500078",
            "Country": "IN",
            "Address_Ln_1": "BUILDING 9000  PLOT NO.7, SYNERGY SQUARE, Turkapally"
        }
    ]
}




{
    "valiDatedCompanyData": {
        "formatted_address": "Survey no. 83/1,Part 29 Panmaqtha, Rangareddy, Plot No.25, 26, Mindspace Rd, Rai Durg, Telangana 500032, India",
        "name": "IKEA Store"
    },
    "SOURCE_ADDRESS_STANDARDIZATION_STATUS": "SUCCESS",
    "formattedSourceData": {
        "formattedAddress": "Telangana 500078, India",
        "googlePlaceId": "ChIJAcmWiTmCyzsRuFWIYGPTFwI",
        "confidence": 0.5,
        "zipcode": "500078",
        "countryCode": "IN"
    },
    "status": "SUCCESS",
    "COMPARISON_RESULT": [
        {
            "SOURCE_ADDRESS": "Telangana 500078, India",
            "TARGET_ADDRESS": "Genome Valley Rd, Turkapally, Telangana 500078, India",
            "MATCH_SCORE": 0.6060606060606061
        }
    ]
}


{
    "sourceAddress": {
        "zipCode": "CV3 4LF",
        "Country": "UK",
        "Country_FullName": "UK",
        "Address_Ln_1": "Abbey Rd, Whitley, Coventry CV3 4LF, United Kingdom",
        "companyName": "Jaguar"
    },
    "referenceAddresses": [
        {
            "zipCode": "CV3 4LF",
            "Country": "UK",
            "Address_Ln_1": "Abbey Rd, Whitley, Coventry CV3 4LF, United Kingdom"
        }
    ]
}

{
    "valiDatedCompanyData": {
        "formatted_address": "Jaguar House, Thieves Ln, Shrewsbury SY2 6GF, United Kingdom",
        "name": "Hatfields Jaguar Shrewsbury"
    },
    "SOURCE_ADDRESS_STANDARDIZATION_STATUS": "FAILED",
    "status": "SUCCESS",
    "COMPARISON_RESULT": [
        {
            "SOURCE_ADDRESS": "Abbey Rd, Whitley, Coventry CV3 4LF, United Kingdom",
            "TARGET_ADDRESS": "Abbey Rd, Whitley, Coventry CV3 4LF, United Kingdom",
            "MATCH_SCORE": 1
        }
    ]
}



Req 2

{
    "sourceAddress": {
        "zipCode": "700039",
        "Country": "In",
        "Country_FullName": "india",
        "Address_Ln_1": "33 U Prasanna Naskar Lane, kolkata",
        "companyName": "ikea"
    },
    "referenceAddresses": [
        {
            "zipCode": "700039",
            "Country": "IN",
            "Address_Ln_1": "33 Prasanna lane "
        }
    ]
}

    Response
    {
    "valiDatedCompanyData": {
        "formatted_address": "Survey no. 83/1,Part 29 Panmaqtha, Rangareddy, Plot No.25, 26, Mindspace Rd, Rai Durg, Telangana 500032, India",
        "name": "IKEA Store"
    },
    "SOURCE_ADDRESS_STANDARDIZATION_STATUS": "SUCCESS",
    "formattedSourceData": {
        "formattedAddress": "33y, Prasanna Naskar Ln, Tiljala, Kolkata, West Bengal 700039, India",
        "googlePlaceId": "ChIJcW3Wech2AjoRnMoOWZvdp38",
        "confidence": 1,
        "streetNumber": "33y",
        "streetName": "Prasanna Naskar Lane",
        "city": "Kolkata",
        "zipcode": "700039",
        "countryCode": "IN"
    },
    "status": "SUCCESS",
    "COMPARISON_RESULT": [
        {
            "SOURCE_ADDRESS": "33y, Prasanna Naskar Ln, Tiljala, Kolkata, West Bengal 700039, India",
            "TARGET_ADDRESS": "33y, Prasanna Naskar Ln, Tiljala, Kolkata, West Bengal 700039, India",
            "MATCH_SCORE": 1
        }
    ]
}



{
    "sourceAddress": {
        "zipCode": "700039",
        "Country": "In",
        "Country_FullName": "india",
        "Address_Ln_1": "33 U Prasanna Lane, kolkata",
        "companyName": "ikea"
    },
    "referenceAddresses": [
        {
            "zipCode": "700039",
            "Country": "IN",
            "Address_Ln_1": "33  lane "
        }
    ]
}

Response 3
{
    "valiDatedCompanyData": {
        "formatted_address": "Survey no. 83/1,Part 29 Panmaqtha, Rangareddy, Plot No.25, 26, Mindspace Rd, Rai Durg, Telangana 500032, India",
        "name": "IKEA Store"
    },
    "SOURCE_ADDRESS_STANDARDIZATION_STATUS": "SUCCESS",
    "formattedSourceData": {
        "formattedAddress": "33y, Prasanna Naskar Ln, Tiljala, Kolkata, West Bengal 700039, India",
        "googlePlaceId": "ChIJcW3Wech2AjoRnMoOWZvdp38",
        "confidence": 1,
        "streetNumber": "33y",
        "streetName": "Prasanna Naskar Lane",
        "city": "Kolkata",
        "zipcode": "700039",
        "countryCode": "IN"
    },
    "status": "SUCCESS",
    "COMPARISON_RESULT": [
        {
            "SOURCE_ADDRESS": "33y, Prasanna Naskar Ln, Tiljala, Kolkata, West Bengal 700039, India",
            "TARGET_ADDRESS": "Kolkata, West Bengal 700039, India",
            "MATCH_SCORE": 0.6666666666666666
        }
    ]
}